latitude,longitude,frp,confidence,industry_distance_km,forest_distance_km,persistence_days,night_flag,industrial_risk_label
21.49816,79.03305,31.2,64.6,5.92,1.11,1,0,0
23.80286,76.09835,42.3,39.9,0.08,17.3,2,0,0
22.92798,76.08849,97.5,64.2,2.33,2.36,2,1,1
22.39463,77.29444,142.3,65.4,2.17,5.01,2,0,0
20.62407,77.95457,49.0,79.5,3.92,3.81,2,1,0
20.62398,79.08163,61.7,59.5,0.38,5.11,2,0,0
20.23233,78.73318,33.8,95.2,7.81,1.63,2,1,0
23.4647,77.78361,49.4,41.3,1.23,7.0,0,0,0
22.40446,77.09451,34.9,89.7,5.65,16.18,1,0,0
22.83229,79.9885,45.9,66.6,8.13,5.83,1,0,0
20.08234,77.70473,40.6,82.9,4.13,6.75,3,0,0
23.87964,77.80555,141.0,71.2,6.75,18.89,1,0,0
23.32977,76.6545,82.1,87.1,5.42,12.24,5,0,1
20.84936,79.17924,38.2,64.2,2.2,6.74,3,0,0
20.7273,78.77473,46.0,53.5,8.27,2.98,3,0,0
20.73362,76.88308,69.4,91.3,1.75,21.62,2,1,0
21.21697,76.32952,16.5,68.3,4.23,8.6,1,0,0
22.09903,78.722,55.7,73.3,6.84,2.5,3,0,0
21.72778,78.61804,79.0,88.5,2.38,3.14,2,1,1
21.16492,77.09304,72.0,54.5,1.8,16.25,0,0,0
22.44741,79.80345,25.3,78.9,3.07,0.45,3,1,0
20.55798,76.60423,29.6,61.2,8.52,48.4,1,0,0
21.16858,77.72934,5.8,68.0,13.29,1.4,1,0,0
21.46545,79.77446,84.9,71.1,3.94,15.9,2,0,0
21.82428,77.67891,181.0,47.5,5.42,5.02,1,0,0
23.1407,78.5541,22.2,58.3,11.68,6.78,0,0,0
20.7987,77.59038,105.9,90.3,0.52,21.26,3,0,1
22.05694,77.09686,170.7,83.3,1.32,5.33,3,0,1
22.36966,79.93591,34.1,69.1,6.17,7.71,3,0,0
20.1858,77.63734,46.0,73.6,8.68,0.51,1,0,0
22.43018,79.5764,60.5,65.6,9.73,0.1,2,0,0
20.6821,76.91982,70.4,90.3,2.68,2.81,0,0,0
20.26021,76.85242,62.9,67.0,0.47,11.41,1,0,0
23.79554,76.12454,36.3,73.5,2.88,1.29,1,0,0
23.86253,78.60667,78.1,87.2,1.31,1.21,1,0,0
23.23359,77.47411,37.0,58.3,1.72,5.29,1,0,0
21.21846,79.45743,66.1,93.4,7.4,10.44,0,0,0
20.39069,77.89284,48.9,47.0,0.39,12.45,4,0,1
22.73693,79.87277,8.0,94.4,8.79,1.97,3,0,0
21.76061,76.7421,116.5,64.4,2.79,0.83,3,0,0
20.48815,79.47449,30.3,66.4,4.53,28.2,5,0,1
21.98071,79.10639,124.4,41.6,0.47,3.02,3,0,0
20.13755,79.08369,103.1,63.2,2.06,19.2,3,0,0
23.63728,79.37913,59.2,54.4,0.47,19.91,2,0,1
21.03512,79.0441,73.0,60.9,16.29,14.81,1,0,0
22.65009,78.50488,79.4,67.9,8.23,1.85,1,1,0
21.24684,76.52498,42.7,84.4,3.08,17.25,2,1,1
22.08027,76.1301,44.4,73.1,1.27,14.66,0,0,0
22.18684,79.68339,76.7,74.6,13.55,9.08,2,0,0
20.73942,78.4666,49.3,53.6,2.11,4.11,4,0,0
23.87834,79.18615,36.4,56.8,0.88,3.05,2,1,1
23.10053,77.92609,25.6,97.0,4.14,1.3,3,0,0
23.758,76.46923,67.5,59.0,14.39,7.13,0,1,0
23.57931,76.50074,29.4,94.8,0.05,8.8,0,0,0
22.3916,78.74226,91.4,66.4,1.36,4.45,2,0,1
23.6875,77.72122,96.7,70.0,13.94,6.45,3,0,0
20.35397,76.8021,72.6,86.1,0.94,4.52,2,0,1
20.78393,77.96638,83.7,89.1,0.6,10.24,0,0,0
20.18091,76.25684,72.8,68.3,4.22,23.15,1,0,0
21.30132,78.32789,87.8,64.2,9.9,1.79,1,0,0
21.55471,77.07597,85.3,69.2,3.24,4.8,2,1,1
21.0854,79.19024,64.9,75.1,26.07,1.52,1,0,0
23.31495,77.24145,104.0,83.4,5.68,9.81,1,0,0
21.42701,77.82088,43.9,70.1,0.38,13.05,2,0,1
21.12374,76.04648,26.3,79.3,24.69,26.87,2,1,0
22.17078,76.28979,25.2,94.6,2.62,3.27,1,1,1
20.5637,77.56997,39.0,75.7,1.69,30.0,0,0,0
23.20879,77.91976,6.7,74.7,4.08,0.65,1,0,0
20.2982,78.40008,58.7,47.2,1.81,9.24,2,0,1
23.94755,77.16665,80.1,30.5,0.45,0.59,2,0,0
23.08898,78.77993,95.8,75.8,0.05,22.42,1,0,1
20.79486,79.44049,10.0,68.6,2.99,7.55,0,1,0
20.02209,79.1194,25.9,62.3,9.07,11.07,3,0,0
23.26185,76.15848,89.5,73.7,4.25,17.81,4,0,0
22.82743,77.92203,42.9,69.1,30.0,1.63,0,0,0
22.91603,76.41972,78.9,86.9,1.69,0.39,2,1,0
23.08508,76.96818,15.7,71.3,1.65,21.11,6,0,1
20.29618,79.94665,123.4,58.8,0.87,3.78,1,0,0
21.43386,76.56998,14.5,84.9,0.9,1.38,3,0,0
20.46348,77.99555,57.5,66.7,1.68,6.32,1,0,1
23.45241,78.47262,58.6,77.9,7.87,9.12,0,1,0
22.49319,78.80986,33.3,62.8,11.81,0.31,1,0,0
21.32359,78.23859,70.8,60.3,18.46,3.21,2,1,0
20.25423,76.03908,72.2,71.3,1.32,0.33,1,0,0
21.24393,77.30585,66.8,70.2,10.66,5.45,2,0,0
21.30073,78.07085,32.8,77.2,1.99,22.55,1,1,1
22.91842,76.35147,27.6,66.0,0.6,40.54,3,0,0
22.55023,77.40251,35.8,42.5,10.2,10.13,2,0,0
23.54885,76.13281,24.4,63.5,5.05,1.76,2,0,0
21.88886,76.31431,107.2,81.9,0.9,23.63,3,0,1
20.47838,77.58769,38.3,65.5,2.81,7.26,0,0,0
22.85298,76.53086,56.3,66.3,1.69,1.67,2,1,0
23.04314,78.27016,89.2,84.8,6.67,25.48,2,1,0
22.24511,78.75786,23.4,59.3,3.02,14.17,2,0,0
23.08387,79.20235,13.9,46.9,22.68,13.16,5,0,0
21.97518,76.8006,24.5,67.6,0.28,12.35,2,0,1
22.09093,76.66993,60.9,62.7,2.19,2.24,0,0,0
21.71016,76.41827,57.9,55.5,3.29,2.37,2,0,0
20.10168,78.54572,66.7,67.4,3.5,11.66,4,0,0
20.43157,78.8259,46.1,77.4,1.9,2.48,0,0,0
20.12572,76.12634,2.5,69.9,6.53,5.77,1,0,0
22.54564,79.74485,45.0,74.6,10.39,15.23,3,0,0
21.25742,76.20789,97.5,97.2,13.96,15.32,1,0,0
22.03428,78.16519,114.8,64.9,8.18,6.04,0,1,0
23.63027,78.83624,53.5,74.2,9.5,15.71,1,0,0
20.99717,79.48388,58.0,62.4,4.0,18.24,1,0,0
21.64153,78.85635,77.8,57.3,8.74,10.64,2,0,0
23.0222,79.20691,112.6,61.2,1.81,2.59,0,0,0
20.91519,77.3578,50.0,62.8,2.54,3.2,1,0,0
20.30792,79.2593,77.1,75.4,1.91,3.78,1,0,0
21.15901,76.32046,31.6,100.0,3.15,1.24,2,1,1
20.64489,79.57927,16.1,59.3,1.68,3.19,4,0,1
23.71879,78.19037,34.4,63.8,16.3,2.35,2,0,0
23.23248,79.26919,130.0,69.1,1.88,6.08,0,0,1
22.53362,77.80927,78.2,75.9,0.52,23.91,2,1,1
23.48584,78.57431,17.6,74.0,3.74,1.1,1,1,0
23.21469,78.10561,80.7,89.3,0.29,12.74,1,1,1
20.74628,78.92636,18.9,33.6,0.59,11.62,0,0,0
23.57024,76.32652,66.0,34.2,1.24,1.01,1,1,0
22.15737,76.24141,22.6,62.6,3.12,25.58,1,0,0
23.22976,76.98841,16.6,86.5,2.84,8.4,1,0,0
23.58437,76.63818,144.4,46.5,8.04,4.52,2,1,0
21.27201,79.48713,38.3,24.9,6.73,14.13,1,1,0
20.44021,76.87686,77.2,78.6,2.78,2.98,1,0,1
20.91174,79.90346,51.6,73.7,2.03,11.83,3,0,1
21.70843,77.34758,20.4,53.6,1.9,0.41,2,0,0
23.27206,76.72847,41.7,55.2,7.44,18.29,1,0,0
23.44292,79.15879,20.5,55.5,0.27,5.95,4,0,0
20.02781,78.63483,213.7,71.7,0.06,10.13,1,1,1
22.04299,77.99278,87.0,60.6,7.94,2.5,1,0,0
21.66964,78.22145,50.9,77.4,3.24,11.3,1,1,0
20.88843,78.87681,74.3,27.2,0.7,14.79,0,1,1
20.47946,76.91382,83.1,57.1,1.34,6.41,1,0,1
21.35046,79.98534,83.3,53.1,13.48,9.62,0,1,0
23.77164,79.89917,80.8,66.2,9.81,6.09,1,0,0
21.29281,78.6013,76.6,61.9,6.19,22.45,1,0,0
22.07516,76.79817,54.0,82.0,3.29,6.89,3,0,1
22.81208,78.72091,137.2,42.1,3.67,18.44,2,0,0
21.45452,76.28879,56.7,70.7,18.49,16.16,0,1,0
23.88713,76.12261,52.0,78.4,16.87,5.28,1,1,0
23.84979,77.03073,57.0,97.8,1.21,2.61,2,0,0
21.00713,77.85049,60.1,62.8,8.33,5.21,2,1,0
21.98899,79.47309,10.1,74.9,1.1,17.5,6,0,0
21.20351,78.90868,24.3,42.9,1.2,2.58,1,1,0
21.13936,78.97083,46.1,34.1,5.64,7.43,2,0,0
20.14755,77.70197,9.5,82.7,2.6,16.4,4,0,1
22.43826,77.38374,50.8,69.9,13.41,4.36,0,0,0
22.01072,77.48416,59.5,87.7,0.47,10.28,0,0,1
20.20592,79.9506,15.4,49.4,3.58,2.82,1,0,0
21.11459,76.16044,29.7,77.8,12.54,1.16,3,1,0
23.63306,79.46813,117.9,98.0,11.72,15.82,0,0,0
20.95825,78.3147,74.9,76.3,0.85,1.04,0,1,1
20.57958,77.75446,71.9,74.1,2.28,3.17,1,1,0
21.95781,78.90103,108.4,70.1,4.83,19.32,0,0,1
23.9426,77.94668,24.7,46.4,0.87,4.25,1,0,0
20.96822,79.49369,15.4,90.3,17.21,36.14,2,1,0
22.68854,79.60281,98.8,60.8,12.31,38.99,2,0,0
23.04648,77.68688,47.1,77.6,0.91,3.12,2,0,0
20.95055,77.10731,24.1,46.6,0.65,0.42,2,0,0
22.91287,78.3694,10.0,52.3,0.45,12.21,0,0,0
21.47113,79.64945,57.5,91.5,12.01,6.0,1,1,0
22.52922,76.84265,43.0,64.8,1.08,1.06,0,0,0
22.53412,78.49187,37.4,91.8,2.69,12.29,2,0,0
22.1431,78.52624,3.9,68.8,2.98,0.32,2,0,0
20.36116,78.93245,136.0,42.4,4.57,20.42,2,1,1
23.34121,76.52627,12.6,83.4,0.37,1.49,1,1,0
21.28312,78.8633,40.4,61.2,1.29,1.36,3,0,0
20.74607,79.63613,35.1,80.5,13.4,1.93,2,0,0
20.1631,76.71873,76.4,70.4,11.95,32.26,2,0,0
22.36357,76.95017,10.1,46.9,7.6,11.81,3,0,0
22.71026,79.88558,70.1,72.5,0.1,16.16,2,0,1
20.06635,76.72391,57.7,100.0,1.98,5.07,0,1,0
22.04837,79.41754,28.5,77.4,4.94,4.1,1,0,0
20.90598,77.96911,68.4,69.1,1.61,2.67,1,0,0
22.58069,76.98892,50.7,86.1,12.02,6.55,1,1,0
20.69747,79.483,157.5,73.2,5.02,8.03,0,0,0
22.76375,77.78122,43.0,73.1,0.37,9.99,0,0,0
21.54694,78.05927,21.4,53.6,11.98,2.97,0,0,0
23.74692,77.43693,70.6,73.5,15.82,29.69,2,0,0
20.55008,78.3718,38.8,85.5,0.4,1.86,5,1,1
21.36427,76.6541,50.0,57.5,3.8,33.71,2,0,0
20.45389,77.56433,15.5,91.4,1.81,0.15,1,0,0
23.69877,79.87765,77.3,68.6,2.49,6.56,2,0,0
23.50936,77.03253,33.9,56.7,0.99,4.06,1,1,0
21.03177,78.62695,61.0,85.0,4.31,5.96,3,0,1
22.63994,77.30076,183.4,65.7,15.85,8.46,0,0,0
23.26889,79.09389,41.0,81.4,3.5,5.72,0,1,1
22.2208,76.52349,84.7,65.6,0.43,5.36,0,0,0
22.1186,79.87928,43.3,69.1,4.84,13.19,1,1,0
20.96741,77.81516,28.8,77.4,2.08,11.58,2,0,0
20.37241,76.9442,120.6,74.4,9.69,17.91,0,0,0
23.58886,76.29399,7.0,40.1,2.85,2.88,1,0,0
23.60167,76.67903,100.1,53.2,1.07,9.4,0,0,0
22.53241,78.0791,5.9,83.9,1.06,8.8,0,0,0
21.35612,77.34801,93.1,68.0,7.32,4.62,2,0,0
21.39684,79.31553,50.6,62.1,1.54,6.66,1,0,0
22.90382,77.72355,21.4,49.6,7.29,3.77,2,0,0
23.58844,76.99486,35.8,53.8,1.15,1.53,2,0,0
23.54835,78.46858,81.6,39.7,1.94,2.41,1,1,0
23.1195,78.82711,172.3,68.5,3.13,1.12,1,0,0
22.56813,76.66817,10.6,61.0,14.34,11.49,1,1,0
20.33656,76.67048,22.6,55.5,13.42,10.81,1,0,0
20.64651,76.14669,14.1,69.0,1.16,30.08,0,0,0
23.59422,78.94561,43.0,75.5,2.22,13.08,3,0,0
22.42572,78.65522,94.9,100.0,0.81,0.53,0,1,1
20.03679,77.89852,12.2,47.3,3.57,21.56,2,1,1
20.40589,79.37668,49.5,87.4,3.09,19.85,1,0,0
22.65401,79.22268,92.8,84.6,11.55,5.86,5,1,1
20.02025,78.34142,35.4,58.3,13.3,8.82,1,0,0
20.64323,79.47309,58.1,73.0,2.42,37.33,2,0,0
22.19494,76.82336,114.8,63.1,3.38,7.6,1,1,0
22.76758,76.44768,18.9,72.8,11.33,23.57,1,1,0
22.60785,77.079,7.9,92.6,8.22,0.87,1,1,0
20.89708,76.22835,63.4,79.1,0.05,2.12,1,0,0
22.84872,78.12468,64.7,77.6,1.93,5.81,1,0,0
20.949,79.74642,33.4,63.5,2.74,8.79,0,0,0
21.3016,76.15737,28.1,47.7,1.3,16.94,1,0,0
22.98597,76.48844,51.3,66.9,1.11,44.45,1,1,0
22.59853,77.8088,18.6,88.1,0.19,4.92,2,0,1
23.39689,79.7355,18.6,47.1,5.16,0.49,0,0,0
22.63045,77.26462,81.2,54.2,1.52,16.15,2,0,0
22.27323,78.02894,17.4,71.9,0.27,9.27,2,0,1
20.3747,76.16629,8.5,55.2,1.31,2.21,1,0,0
21.47086,76.59337,28.1,58.1,8.1,6.83,1,0,0
21.06081,79.94652,34.1,63.6,9.54,13.56,3,1,0
20.97596,79.86047,70.1,49.5,3.3,14.71,3,0,0
23.89204,76.01976,30.2,55.4,2.69,6.92,1,1,0
21.57239,79.80725,127.8,80.6,19.05,3.64,2,0,0
23.56819,78.55648,53.4,50.4,1.12,36.4,0,0,0
22.52455,79.47167,24.8,46.0,1.21,10.89,3,0,0
23.17925,77.81896,68.0,60.5,1.73,5.25,1,1,0
22.01055,78.06238,126.3,81.0,0.95,3.29,2,0,1
22.30762,77.95539,79.7,67.0,2.39,13.13,0,0,1
21.97007,78.66746,11.5,63.0,12.09,2.77,1,0,0
20.78097,76.55861,36.6,70.7,4.78,1.88,1,0,0
22.88981,76.11989,60.3,43.8,2.65,7.55,2,1,1
21.12309,77.23172,77.4,77.4,13.62,3.42,1,1,0
20.09726,78.81872,43.2,75.8,0.25,9.91,1,0,0
22.58189,76.80741,38.6,63.9,1.18,1.25,3,0,0
20.70844,78.69373,156.7,85.1,4.17,10.64,2,1,1
23.76183,79.87965,80.5,53.1,4.78,3.33,1,0,0
23.81571,76.3756,68.2,86.9,0.2,0.1,3,0,0
23.65946,78.69041,31.3,72.3,2.58,1.36,2,0,0
21.48063,77.775,18.3,65.0,5.24,27.12,0,0,0
20.06183,79.47257,69.0,69.7,5.99,20.2,0,0,0
23.71327,76.7086,86.6,68.4,5.08,2.66,1,1,0
21.71274,78.7705,49.8,88.3,1.93,15.07,1,0,0
23.86662,79.35246,80.6,53.8,0.49,9.38,1,0,1
23.85448,79.77846,82.1,58.6,2.79,35.37,1,1,1
23.41204,78.73299,90.6,85.5,0.69,4.68,1,0,0
21.1778,77.9887,11.2,61.1,14.75,11.44,1,0,0
21.54039,78.47139,37.4,83.5,3.22,0.66,3,0,0
23.40455,79.47562,72.0,95.5,1.91,5.05,1,0,1
21.26769,78.28244,52.0,64.0,7.27,33.19,2,1,0
20.67797,76.12155,82.2,80.2,3.45,7.74,0,1,1
22.22721,79.72379,68.1,52.7,1.86,3.4,0,0,0
23.74462,78.75811,4.4,81.3,8.36,1.28,0,1,0
22.78412,78.70605,105.7,73.0,10.09,12.16,3,0,1
22.28024,76.8627,33.7,77.1,5.59,10.35,2,1,1
20.38871,78.63554,23.5,60.3,0.24,4.68,1,0,0
22.46003,77.57546,103.3,45.1,4.18,30.15,0,0,1
23.96022,78.60493,77.9,77.5,7.2,0.22,0,0,0
20.56034,76.42637,113.2,39.0,0.73,3.62,2,0,1
22.07332,78.63138,60.8,65.2,1.3,25.39,2,0,1
23.50949,79.99765,37.0,84.1,10.71,3.87,0,0,0
22.96307,76.19285,55.8,72.9,0.1,2.91,2,1,1
22.78806,79.9087,19.8,99.2,6.99,7.64,2,0,0
22.80994,77.62763,13.8,85.4,3.21,17.36,1,1,1
21.43796,79.48301,29.4,60.2,2.96,1.09,1,0,0
21.17437,79.12954,136.0,70.4,0.05,28.65,2,0,1
23.23744,78.26807,32.0,69.3,8.56,15.85,3,1,0
23.24045,78.9538,8.7,46.3,2.23,2.0,3,0,0
23.46829,79.51406,44.2,55.9,3.89,12.45,2,1,0
23.65296,77.61656,31.6,61.6,5.66,4.86,2,1,0
22.04537,77.30813,107.0,39.5,6.06,5.15,2,0,0
22.00607,78.67037,129.7,70.7,15.62,15.29,2,0,0
23.19318,79.23138,35.6,66.3,3.79,32.91,4,0,0
22.59986,79.04914,60.8,44.9,2.55,1.35,0,0,0
22.80787,79.19125,64.5,76.1,15.36,5.46,1,0,0
23.18317,77.74233,48.1,80.7,5.14,6.56,1,1,1
23.56002,79.27134,41.6,73.4,1.77,4.72,0,0,0
21.35198,76.48084,22.1,65.1,0.68,4.51,1,0,0
21.50233,78.17796,7.2,78.9,9.24,0.54,3,0,0
20.37593,76.02303,21.9,80.2,2.25,11.57,2,1,1
22.31312,77.29834,46.8,74.6,5.4,5.73,0,0,0
20.14377,77.46585,12.2,57.6,3.18,2.17,3,0,0
21.86239,77.58469,58.5,74.1,1.11,16.93,3,0,1
22.17058,78.78187,52.7,87.9,4.6,16.22,1,1,1
21.14617,77.55423,31.7,61.1,0.31,6.66,4,1,1
22.36333,77.79477,40.2,100.0,2.67,3.54,1,0,0
20.122,76.95018,14.7,62.1,3.96,10.16,3,1,0
20.14939,77.49301,89.5,70.5,2.86,3.4,2,0,0
23.2904,76.90908,88.5,59.9,6.9,2.69,3,1,1
21.44076,76.29278,17.4,73.3,8.8,13.11,1,0,0
20.50824,78.41379,17.9,43.9,7.38,0.41,1,0,0
22.08897,78.67285,22.2,61.8,0.2,1.0,0,0,0
23.07997,78.47796,74.5,53.6,1.08,0.1,1,0,0
20.86328,77.85398,64.4,72.0,3.85,1.66,4,1,1
22.49156,77.51914,102.5,84.9,13.65,0.71,1,0,0
20.34139,79.45333,110.4,79.7,9.01,50.0,2,1,0
20.20673,78.07633,11.1,34.4,9.24,3.41,2,0,0
22.12542,77.91673,72.7,100.0,1.81,1.62,1,0,0
22.16254,76.10257,107.4,74.4,2.81,2.76,3,0,1
22.54972,77.36499,38.1,58.4,3.18,27.51,1,0,0
22.90437,77.52078,49.1,72.4,0.86,7.34,0,1,0
23.90341,77.59529,43.5,72.6,0.16,4.54,5,0,1
22.0652,78.32069,45.1,60.0,14.68,20.67,1,0,0
21.29183,78.13441,89.3,73.0,1.38,5.03,1,0,0
23.18074,78.43162,153.0,60.9,1.37,4.08,1,0,0
21.08333,79.05953,124.9,63.9,0.44,2.32,1,1,1
21.75589,79.25194,32.9,59.7,13.19,4.74,1,0,0
20.31383,78.87249,60.9,48.5,4.33,3.81,0,1,0
20.1014,79.82209,25.4,72.2,5.5,11.31,2,0,0
23.85059,76.07293,27.7,78.8,12.13,3.42,2,0,0
23.34392,76.78311,47.4,77.7,2.12,8.61,1,1,1
22.7839,76.03025,27.1,82.3,4.86,0.68,3,0,0
21.63581,78.5899,30.7,74.9,0.2,2.12,1,0,0
20.69318,79.59212,59.9,62.0,1.03,5.23,0,0,1
20.62575,76.97393,72.0,82.6,8.9,27.64,3,0,0
21.00097,79.70814,70.6,49.6,7.28,4.74,3,1,0
22.19691,76.24107,71.1,56.5,2.16,10.91,0,0,0
22.85838,79.73774,15.8,55.5,2.36,2.94,1,1,0
22.64079,77.40649,25.9,86.2,3.81,1.36,2,0,0
21.11974,76.40568,51.5,84.1,0.05,0.6,1,0,0
23.81946,77.94349,104.1,77.3,1.38,3.64,0,0,0
22.95159,77.02711,208.8,86.1,1.17,1.72,0,0,0
22.21742,77.13949,62.7,56.8,1.44,1.91,2,1,0
22.44688,77.22916,83.5,75.2,8.2,14.3,3,0,0
21.6784,79.2121,14.0,68.1,1.64,0.16,0,0,0
20.99092,78.15665,81.9,82.7,1.06,8.16,0,1,1
21.42389,77.24523,173.7,68.3,3.51,4.77,1,1,0
23.03138,78.44134,25.8,64.2,10.04,7.06,3,0,0
20.05757,78.8646,31.6,78.1,1.38,8.27,0,1,1
20.46429,77.0905,91.2,83.1,0.41,3.76,5,0,1
20.18401,77.6542,51.0,60.0,2.2,3.5,1,0,0
20.16292,76.48754,6.4,69.1,6.88,13.22,1,0,0
23.42184,76.7246,33.2,54.1,4.0,20.5,3,0,0
22.81463,78.72447,129.3,32.5,8.49,2.14,1,0,0
21.8967,76.72575,40.0,73.0,16.04,1.03,0,0,0
20.39134,78.10065,39.9,79.1,7.87,22.81,1,0,0
21.96646,78.83619,87.3,73.9,4.63,4.31,1,1,0
21.89389,76.42751,64.4,40.8,3.4,8.01,1,1,0
20.69281,78.26925,38.2,64.7,0.2,4.46,2,1,1
21.73541,77.02625,29.8,36.7,20.78,1.34,1,0,0
21.59402,79.85171,273.3,90.5,2.42,8.9,0,0,0
22.4634,77.93418,115.4,53.7,0.83,7.45,2,0,1
22.54037,79.22397,71.1,88.8,5.49,2.27,1,0,0
20.18122,78.20091,74.3,84.2,1.67,6.01,2,0,1
21.49845,76.17365,45.3,56.5,4.41,15.94,2,0,0
22.50344,78.53261,63.8,53.0,4.42,8.93,1,1,0
22.01255,79.80561,41.6,75.3,2.95,1.02,1,0,0
23.42596,78.40645,23.7,57.3,9.04,7.94,0,0,0
22.63477,79.27676,65.6,71.5,1.54,12.13,2,0,0
20.65174,79.53683,38.8,62.8,2.98,15.74,1,0,0
20.28227,76.91232,68.1,43.3,3.86,9.92,4,0,1
22.56968,76.84818,77.4,36.5,5.45,1.66,1,0,0
20.10605,78.44392,70.7,73.4,7.66,12.38,3,0,0
22.3431,77.64411,22.0,61.6,2.51,11.31,1,0,0
23.76092,79.35945,35.5,61.7,5.19,0.25,2,0,0
22.3019,79.60009,39.4,80.4,0.82,5.31,2,1,1
21.55268,77.41369,98.1,87.6,13.49,4.05,4,1,0
22.57315,76.94748,94.7,65.9,2.41,11.07,1,0,0
21.83301,79.1221,27.2,64.9,6.54,2.44,0,0,0
22.18247,77.09922,15.4,77.5,0.1,8.94,3,1,1
23.76586,79.29046,215.2,49.6,1.15,24.44,6,0,1
21.54441,77.69495,68.7,73.3,3.34,15.99,1,0,0
23.84476,78.6702,13.4,78.3,10.53,25.44,0,0,0
23.6214,76.38214,31.2,80.2,3.75,38.4,1,0,0
20.78316,78.49544,100.9,40.9,13.29,0.11,1,1,0
20.27745,77.80707,182.3,58.6,3.31,9.75,0,1,0
20.40311,78.34643,163.1,56.8,3.37,5.32,1,0,0
20.07289,76.67206,66.7,71.5,0.64,19.65,1,0,0
20.37777,78.94749,50.1,77.2,8.11,2.9,4,0,0
22.73203,79.45119,20.1,92.5,1.42,39.65,4,0,1
20.28475,76.86696,53.4,62.6,11.49,9.51,2,1,0
21.2759,76.38286,22.7,62.5,12.09,15.78,0,0,0
23.3795,76.09455,35.8,87.2,14.35,0.89,1,0,0
20.09309,78.56789,91.2,74.4,3.67,2.03,1,1,0
23.25787,78.42838,41.5,89.0,5.65,14.2,2,1,1
21.12742,78.18679,39.3,74.3,7.54,0.22,0,1,0
20.47266,76.92779,48.1,52.6,0.7,16.98,5,0,1
22.78695,77.56362,235.7,50.0,4.59,0.14,2,0,0
22.51577,78.37791,18.1,46.7,0.17,10.7,2,0,0
23.50989,77.98707,61.7,79.9,3.44,4.54,1,0,0
22.94028,79.95114,153.7,87.8,0.84,9.45,1,1,1
23.21392,76.54576,48.0,97.7,1.01,11.91,0,0,0
21.12814,78.78058,113.9,82.6,2.27,4.19,3,1,1
20.70976,77.61728,14.3,87.4,2.83,1.14,4,0,0
23.00246,77.7128,42.5,61.3,4.88,0.72,2,1,0
23.22734,78.87039,25.0,52.7,0.39,8.89,1,0,0
23.96202,78.76974,47.6,82.8,3.5,7.35,3,1,0
21.65047,79.96502,48.4,76.3,1.01,13.56,1,0,0
21.48807,76.51358,52.3,71.6,4.27,7.13,2,0,1
23.10565,76.41644,90.6,75.8,5.07,5.49,1,1,0
21.36321,78.89736,3.7,74.8,4.07,5.08,0,0,0
23.72303,78.31355,30.0,89.3,6.7,0.27,0,0,0
23.43365,77.09664,58.6,89.4,2.04,4.09,3,1,1
21.71598,76.31768,6.8,78.2,7.24,37.31,2,0,0
23.00348,76.34263,78.0,82.7,2.83,20.68,0,0,0
23.01817,79.57676,29.5,77.7,3.31,4.0,3,0,0
20.4125,76.76747,43.2,63.1,5.22,8.86,1,1,0
23.61021,77.29349,93.4,81.3,0.09,18.79,1,0,1
22.02101,76.90663,117.4,49.1,5.31,5.82,1,0,0
23.30583,77.41999,79.7,85.8,4.82,0.18,1,0,0
21.2802,76.2777,17.6,52.1,1.85,0.77,2,0,0
23.58209,78.07624,77.0,74.3,0.45,7.14,0,0,1
21.55681,76.27045,80.6,57.3,0.48,34.88,0,0,0
20.04335,79.20143,69.9,78.3,12.83,11.82,1,0,0
23.62153,76.93485,130.2,69.5,5.84,0.74,1,0,0
20.36515,78.16005,53.3,46.1,0.68,2.1,1,0,0
21.27725,79.52032,126.9,76.3,2.21,14.75,1,0,0
23.80025,78.60351,126.4,61.3,4.49,18.42,3,0,0
23.80243,78.13183,82.2,83.2,9.03,9.62,2,0,0
22.29375,77.29734,62.4,70.0,0.22,10.34,2,0,0
22.52735,77.33201,70.2,75.9,1.35,0.29,0,0,0
21.79378,78.67795,149.0,55.6,11.02,17.63,0,0,0
21.17284,79.97656,104.0,61.2,0.05,15.52,2,1,1
21.31466,78.64736,19.7,63.1,1.12,3.0,0,0,0
22.69007,78.23113,67.0,82.9,15.97,12.33,2,0,0
23.0095,78.9226,23.8,95.2,4.75,2.42,3,0,0
23.16632,77.86082,28.8,57.9,1.52,0.41,3,0,0
23.15847,76.24057,37.0,86.2,0.35,2.25,1,1,0
20.36482,78.24919,12.9,37.5,0.14,1.97,2,0,0
21.97768,79.8305,22.4,52.1,1.4,4.12,1,0,0
20.23024,76.70121,134.9,55.6,10.66,5.42,3,0,0
22.19812,78.76002,28.6,49.7,2.69,7.1,2,0,0
21.76612,76.80373,90.9,46.2,6.37,6.48,1,0,0
23.55082,78.14331,57.0,76.2,12.52,3.16,2,0,0
21.40366,76.38671,74.6,66.8,2.62,0.3,0,1,0
20.46827,77.80148,76.9,75.7,1.06,9.29,1,0,1
20.57197,79.02465,21.5,80.4,3.64,5.04,0,0,0
23.04604,77.39029,90.6,74.0,11.93,3.55,0,0,0
22.47287,78.65965,15.8,79.9,8.16,20.17,2,0,0
20.40449,79.1818,27.6,69.0,0.34,13.73,3,0,0
20.33643,79.70871,76.1,52.2,5.9,19.5,2,0,0
22.80388,76.93857,20.2,85.9,4.24,6.83,2,0,0
20.29105,77.59726,6.0,61.2,11.9,1.4,0,0,0
23.28744,76.60966,64.8,56.0,0.65,11.91,1,1,0
22.82497,79.96993,10.6,67.3,3.82,2.31,0,0,0
20.3254,79.708,81.2,56.3,10.58,5.82,1,1,0
20.33935,78.15983,39.2,63.7,2.64,0.67,3,0,0
23.94656,79.36813,64.1,75.2,3.29,17.45,1,0,0
21.49708,78.08383,63.3,75.2,0.37,1.35,0,1,1
21.48257,78.49434,85.4,56.5,1.63,23.34,1,0,0
23.2512,76.3565,77.7,62.7,1.96,19.97,0,1,1
23.78899,79.02108,20.1,86.1,14.51,6.25,0,1,0
23.944,76.51085,41.1,77.4,1.66,13.64,1,0,1
23.01351,79.30427,64.1,100.0,3.09,9.66,0,0,0
21.50504,79.12811,128.4,87.7,5.56,16.25,2,0,0
20.334,78.83498,78.2,87.2,0.88,5.65,0,1,1
23.10859,76.14464,121.1,49.2,3.33,15.41,4,1,1
22.23362,77.21251,66.5,81.5,6.71,6.21,1,0,0
21.69689,77.05245,105.3,69.2,10.08,28.3,3,0,0
23.62542,77.44055,60.3,61.7,4.92,6.66,0,0,0
20.44479,76.35057,102.4,72.5,5.53,6.21,3,0,0
21.9705,79.74783,37.6,84.2,0.67,15.37,1,0,1
20.04541,78.21521,138.3,77.5,14.57,17.24,2,0,0
21.87464,77.2221,72.0,56.8,0.71,8.09,3,0,1
20.22521,77.58793,13.0,81.1,7.45,1.98,2,0,0
20.47527,77.78881,65.6,60.4,1.54,6.31,0,1,1
20.4701,78.40238,78.3,73.3,13.56,34.44,1,1,0
22.59684,78.06272,92.7,65.4,6.36,13.98,2,1,0
22.98418,79.67757,170.3,66.7,7.01,16.67,2,1,1
22.33348,77.98785,32.9,81.5,1.24,0.33,1,0,0
23.84869,79.96863,171.0,54.4,2.93,6.31,0,0,0
21.49948,79.4057,50.1,99.2,4.81,10.4,2,0,1
21.14285,76.83404,26.4,42.7,7.35,17.72,3,1,0
23.4744,79.72238,33.5,61.0,0.55,0.51,5,1,0
20.89438,76.46547,75.1,75.6,16.4,19.14,1,1,0
23.85289,79.2698,23.1,78.8,11.05,7.95,1,1,0
20.04862,77.52249,38.1,68.5,1.58,2.2,1,0,0
23.87952,79.5119,64.5,69.1,8.65,3.82,1,0,0
20.17264,79.47223,137.6,76.2,3.65,3.31,4,0,0
23.56457,79.2237,90.9,66.5,3.1,7.57,1,0,1
22.1108,79.16012,51.7,90.9,1.89,0.53,3,0,0
23.97186,77.21872,74.9,82.6,4.35,1.73,0,0,0
20.29519,76.32368,59.9,83.1,6.54,16.75,1,0,0
22.21542,77.61192,17.4,55.5,2.65,1.42,1,0,0
23.87721,76.6941,153.5,68.8,4.96,2.66,1,0,0
22.09239,78.7798,139.0,65.5,6.01,6.04,1,0,0
22.51759,77.3844,47.2,54.9,6.21,7.28,3,0,0
22.78299,79.90244,34.5,75.4,0.27,14.42,0,0,0
21.81816,78.56389,17.8,61.9,9.82,5.93,3,0,0
22.51023,79.28992,78.2,79.8,3.06,15.6,2,1,1
22.33726,76.5301,78.6,53.9,1.52,9.63,1,0,0
23.60463,79.44806,24.9,95.8,1.38,1.2,3,0,0
20.18179,79.69103,60.5,56.6,3.3,1.7,1,1,0
21.12385,77.94825,89.0,73.3,10.89,5.75,2,1,0
23.80165,78.42501,32.5,81.9,2.38,5.06,1,1,0
23.56106,79.05924,42.8,61.4,6.93,13.61,0,0,0
21.82263,76.69935,42.4,82.8,0.51,8.69,1,0,0
22.48053,78.01026,26.3,51.6,3.23,4.91,1,0,0
21.10952,77.59465,43.5,91.8,23.95,1.87,0,0,0
20.75248,76.5855,10.8,70.2,7.36,2.57,1,1,0
21.85479,77.47014,40.7,61.1,1.18,8.57,1,0,1
21.41341,76.27269,41.2,65.5,3.48,5.51,3,0,0
22.33462,76.10325,47.6,82.1,1.33,7.23,1,0,0
20.31094,76.54067,71.0,61.2,2.63,1.87,1,0,0
23.89758,79.85246,16.4,58.8,7.57,10.87,1,0,0
23.94484,78.19812,19.5,66.7,7.38,19.14,1,1,0
22.79265,79.86329,25.7,52.3,1.29,2.98,1,1,0
22.14439,77.72999,14.7,97.3,12.77,6.76,3,1,0
21.23811,77.24726,76.8,61.5,4.49,37.1,3,0,0
23.25518,78.02457,31.4,82.5,2.39,4.05,1,0,0
22.73892,77.75805,48.8,73.1,3.49,9.04,2,0,0
20.65047,76.42266,23.8,55.2,4.65,0.95,2,0,0
23.64371,78.56331,37.3,69.9,4.1,9.31,5,1,1
23.29015,76.86415,62.6,81.8,3.33,0.94,2,0,0
23.7992,78.47835,64.8,67.2,3.52,32.0,2,1,1
22.90288,78.6008,20.3,87.9,0.97,12.58,2,0,1
22.45366,76.6081,46.9,85.3,8.38,15.52,2,0,0
21.67297,76.2454,24.2,83.8,3.9,12.18,4,0,0
23.73091,79.12305,45.6,63.1,0.7,8.91,1,0,0
23.46426,77.8392,29.2,53.8,7.27,5.98,1,1,0
20.18087,76.23266,159.9,60.8,13.47,19.55,0,0,0
20.10547,79.97947,88.6,72.9,14.72,31.43,6,1,1
21.50585,76.23112,66.9,78.2,2.3,6.91,0,1,0
23.24221,78.78014,40.0,37.4,0.73,26.81,3,0,0
23.9491,79.93472,90.4,69.9,3.65,8.75,1,1,0
20.60167,76.95672,48.0,72.4,0.6,7.73,1,0,1
22.37652,76.569,149.3,65.8,13.59,6.06,0,0,0
21.52356,76.48554,96.6,89.4,1.01,2.35,1,1,1
23.87966,77.2131,37.1,76.3,1.46,0.1,1,1,0
23.36848,76.40418,138.2,89.7,2.61,2.76,1,0,0
23.35331,78.76865,40.1,66.8,2.42,7.13,2,0,0
21.87477,76.24917,165.9,84.1,7.92,4.78,3,0,0
21.65928,78.03769,143.1,94.5,3.05,5.95,0,0,0
21.09363,79.98679,62.3,89.7,0.94,39.45,2,0,1
20.2255,79.25588,11.3,53.6,1.55,4.31,2,1,1
23.45889,78.46088,58.9,66.2,3.56,6.02,2,0,0
23.2516,77.22501,18.4,64.8,0.8,1.43,1,0,0
23.99887,78.49558,30.0,77.3,4.73,0.49,1,0,0
23.98655,78.10817,31.9,80.3,4.17,14.93,0,0,0
22.22173,77.70433,18.3,57.4,6.27,8.46,3,0,0
23.07595,76.52284,59.0,71.0,13.88,14.3,1,0,0
23.77906,79.54642,27.0,39.7,12.17,1.62,1,1,0
23.39859,77.79914,41.6,91.6,14.6,8.48,4,0,0
20.98939,76.77849,32.1,62.3,1.4,2.93,2,0,0
21.80218,77.47104,71.2,70.8,0.71,2.59,6,1,1
20.51664,77.65652,67.6,65.4,1.8,0.12,1,0,0
23.8162,79.31015,39.0,87.2,11.27,1.4,1,0,0
22.4247,78.93446,73.7,27.4,17.89,3.7,2,0,0
20.91457,79.07722,114.3,69.8,9.81,1.24,2,0,0
22.6868,76.04413,4.9,68.4,0.58,42.59,1,0,0
22.47251,77.66462,30.6,63.2,14.73,3.69,2,0,0
21.43265,77.92538,21.8,95.9,2.75,1.4,3,1,0
20.45423,76.07677,28.3,56.7,0.05,2.22,2,1,1
22.68629,77.03925,3.8,81.6,2.92,8.86,0,0,0
22.08123,79.04116,4.6,75.3,0.24,0.66,1,0,0
23.08927,76.54844,33.0,88.9,3.92,19.84,1,0,0
22.08065,78.14124,32.3,60.0,2.07,32.57,1,0,0
23.40873,76.86081,125.3,59.0,3.21,2.83,0,0,0
22.20763,76.04848,55.7,86.4,4.75,5.98,1,0,0
22.24375,76.96481,72.4,76.4,10.16,0.22,2,0,0
23.50661,79.9035,408.3,46.8,5.42,10.24,1,1,1
21.61393,79.20615,151.0,61.9,2.85,5.34,1,0,1
20.53606,79.83831,48.3,75.8,8.56,3.15,1,1,0
20.11513,77.95142,35.3,82.6,11.8,2.32,2,1,0
23.02055,76.43894,31.0,59.8,0.64,10.61,0,0,0
22.48124,78.19184,63.9,26.3,3.8,5.38,0,1,0
22.81632,77.81751,35.6,77.8,1.67,1.98,0,1,0
20.85186,79.37743,17.8,51.7,0.24,11.68,2,0,0
20.54549,76.39233,32.0,39.7,5.52,8.33,1,0,0
20.05818,77.95296,65.2,27.5,9.93,19.57,2,0,0
21.40235,76.60019,81.5,82.2,0.89,1.25,0,1,0
22.35967,77.2987,161.2,71.9,8.37,15.4,1,0,0
21.56898,78.94943,53.9,66.6,9.6,11.19,2,0,0
21.7499,77.90407,118.9,90.8,12.29,1.22,3,0,0
23.61663,77.50355,42.8,79.6,1.54,11.87,3,0,0
21.39302,77.57791,47.6,94.2,11.71,5.83,2,0,0
22.05596,77.83779,45.6,49.1,1.93,29.0,0,1,0
23.13461,79.14007,58.8,69.5,4.02,1.53,1,0,0
21.58617,79.56834,91.8,45.7,0.26,10.3,3,1,1
22.48835,79.82134,34.4,66.6,0.22,4.81,2,1,1
23.44945,79.14761,22.9,66.3,6.37,31.42,0,0,0
23.79808,77.26163,96.9,79.4,2.94,4.0,2,0,0
20.58829,78.75254,92.2,70.7,1.48,32.75,4,1,1
23.70635,77.75041,131.5,79.4,1.06,23.18,3,1,1
21.96847,77.01868,30.1,80.6,5.54,3.15,1,0,0
21.03298,79.36349,41.6,100.0,0.05,16.27,3,0,1
21.83654,76.15371,99.4,65.3,8.2,50.0,0,0,0
23.92013,79.60705,34.0,55.9,0.41,2.91,3,1,1
21.97047,77.84591,79.1,73.7,1.06,5.74,1,1,1
21.31501,78.54881,43.0,58.0,2.44,7.34,1,0,0
22.5336,78.63742,63.6,92.2,3.32,3.49,4,1,0
20.96058,79.58047,17.4,65.8,2.19,0.15,2,0,0
20.30345,78.54668,53.4,61.5,1.93,2.49,5,1,0
20.51552,78.45573,112.8,62.9,16.61,3.31,3,0,0
20.51218,76.26661,86.6,80.8,5.13,5.86,2,0,1
20.60761,78.07363,21.5,67.6,0.12,1.88,0,0,0
20.55531,76.60068,152.8,60.4,2.81,20.66,2,0,1
22.5635,78.94974,108.1,95.0,10.4,12.2,2,0,0
20.72752,78.04889,18.2,57.2,1.79,0.89,1,0,0
21.38267,78.72091,32.2,70.5,0.5,10.5,3,0,0
23.58715,76.16669,19.2,79.8,7.1,10.6,1,0,0
21.89585,76.33917,64.9,45.5,4.66,31.29,0,0,0
22.67023,78.86529,31.0,77.2,4.22,0.1,3,1,0
20.68928,76.28834,6.5,54.2,0.28,2.85,4,1,1
20.76916,76.28503,47.4,82.3,0.76,26.28,1,0,0
20.16347,76.04843,94.3,55.6,4.87,26.9,1,0,0
20.67574,79.82601,54.2,80.4,1.16,12.75,3,0,1
21.11436,78.95003,74.1,86.6,3.51,14.51,0,1,0
20.70804,77.41301,58.1,82.9,3.94,0.96,1,1,0
20.35481,77.18614,84.1,73.8,1.67,7.21,5,0,0
20.48254,77.39881,62.0,66.5,14.82,2.63,0,1,0
21.84312,79.09861,45.4,61.4,9.24,2.0,2,1,0
20.82533,78.64548,53.7,92.1,6.41,16.62,0,1,0
21.45708,76.74078,134.7,59.5,0.41,1.45,1,0,0
22.01367,76.69644,77.1,54.4,0.56,6.32,4,0,0
22.76158,76.39358,21.5,80.0,3.39,27.9,4,0,0
20.15725,78.64121,53.1,58.1,0.88,2.06,0,0,0
23.19764,79.05749,64.1,55.7,19.14,38.16,7,0,0
22.5116,77.06019,44.2,48.3,0.86,50.0,2,0,0
20.32704,76.08378,6.5,62.8,3.34,8.11,2,0,0
23.49431,76.32869,23.5,68.8,2.26,1.87,1,0,0
23.68349,79.87144,35.6,73.6,5.1,3.8,3,0,0
20.24431,77.18178,164.5,84.3,0.69,5.53,0,0,1
21.10751,79.07689,71.3,77.9,2.81,3.7,1,1,0
23.22481,78.49865,10.8,67.1,1.61,3.29,0,1,1
22.99304,77.52776,46.5,67.0,10.94,35.84,1,0,0
20.73808,76.82275,120.9,77.7,0.21,1.66,0,0,0
20.8374,76.48555,30.6,89.1,12.25,13.22,0,0,0
21.48189,78.46005,102.0,71.9,8.95,0.1,0,0,0
21.93809,79.09854,11.2,63.0,1.77,9.07,3,1,0
22.47302,78.57562,2.0,55.1,7.79,24.76,1,0,0
21.47565,78.12121,112.4,48.3,0.16,3.4,2,0,0
21.85014,76.1678,34.1,80.0,17.04,2.05,1,1,0
22.98988,79.87396,36.4,78.7,3.74,10.55,1,0,0
20.14673,79.19486,57.7,78.7,1.81,12.47,1,0,0
21.00975,77.17129,69.5,68.1,2.25,11.65,1,0,0
22.8534,79.91988,2.3,91.1,0.34,3.85,1,0,0
23.58083,78.40753,28.6,62.7,22.71,2.91,5,0,0
22.04671,78.32969,52.3,84.3,0.2,31.22,0,0,1
22.12845,78.99229,69.4,69.4,5.32,25.68,1,0,1
20.42869,79.24708,21.2,60.9,2.92,6.11,1,1,1
21.78965,78.62591,42.4,78.9,14.87,18.72,2,0,0
22.13047,76.51238,30.6,76.1,1.41,6.02,1,1,1
20.96988,77.35307,59.2,75.4,3.8,5.52,1,0,0
21.07697,79.71233,109.7,71.2,3.29,1.71,3,0,0
21.50914,76.89846,38.1,69.4,6.07,5.56,1,0,0
20.08028,77.48867,13.5,100.0,0.35,7.71,0,0,1
21.28832,77.72831,27.2,87.8,1.08,0.23,1,0,0
20.84579,77.75762,151.8,80.8,1.21,5.87,1,0,1
21.30999,78.45176,23.6,71.7,6.7,15.2,3,1,1
20.47905,79.7723,16.4,85.1,1.05,11.4,1,0,1
23.56211,76.96277,36.2,77.8,4.26,10.08,2,0,0
22.37437,76.48601,46.5,70.4,1.21,24.03,2,1,1
22.71641,76.78988,32.2,65.4,9.89,0.18,0,0,0
23.15668,79.5477,11.3,68.8,14.25,8.14,2,0,0
21.99377,78.58324,63.5,22.4,3.65,15.48,0,1,0
20.34768,77.14363,59.2,73.2,2.17,7.79,0,0,0
22.14843,79.26379,81.9,62.7,1.33,3.91,1,0,0
22.34736,79.44548,58.3,93.9,0.26,1.46,2,0,0
22.98176,79.38606,143.6,70.3,1.56,21.85,3,0,1
21.72664,79.67571,86.4,52.2,5.31,6.36,2,0,0
20.51032,77.00896,74.6,69.3,3.81,21.05,1,0,0
21.1351,79.02017,112.4,54.3,14.42,8.82,1,1,0
21.45233,77.84216,55.6,77.1,2.52,11.21,2,1,0
22.58367,79.36799,43.1,74.4,5.92,16.31,0,0,0
22.28311,78.91396,63.0,84.4,3.36,10.76,2,0,1
21.42439,79.10579,6.1,58.1,3.59,5.08,3,1,0
23.94606,78.62465,55.8,70.5,1.56,7.21,2,0,0
22.4231,76.70972,46.4,49.5,3.03,16.25,2,0,0
20.94891,78.18011,68.1,80.5,3.18,4.68,0,0,0
20.40713,79.93868,102.2,77.8,6.13,4.91,0,1,0
20.61144,79.74955,76.2,77.4,14.12,1.01,2,0,0
20.98383,76.17269,27.3,70.0,2.0,24.6,0,1,1
20.64273,76.65926,91.0,76.2,0.22,0.95,5,0,0
20.74627,76.52692,145.0,94.1,3.43,10.45,0,0,0
21.14038,78.90392,104.0,65.7,3.93,5.33,0,0,0
20.69349,79.27114,14.8,72.1,0.92,5.2,2,0,0
23.58706,76.85405,75.6,53.7,7.15,11.38,2,1,1
20.32093,78.02341,17.2,57.0,20.97,0.69,0,1,0
22.09805,79.36281,39.8,71.5,14.57,9.01,1,0,0
21.64159,78.93121,66.6,86.6,1.1,14.79,2,1,1
23.92951,78.16895,60.4,66.2,10.41,17.61,2,1,0
20.44816,78.36139,102.6,66.5,6.1,1.87,2,0,0
21.59142,78.03344,145.4,63.9,3.02,22.77,1,0,1
23.87788,77.19019,71.5,62.0,3.89,10.68,4,0,0
23.46203,78.26009,37.4,74.4,9.47,21.36,4,0,0
23.26829,78.75554,6.5,47.5,3.27,6.64,0,0,0
21.03161,79.49329,120.4,89.2,2.34,7.81,1,0,1
20.68355,78.54517,46.6,60.0,3.4,25.14,0,0,0
22.67457,79.04449,48.6,80.8,4.33,23.02,1,1,1
23.7175,76.64029,51.6,51.0,1.05,5.94,2,1,1
22.22705,77.84623,69.2,80.0,11.56,3.21,3,0,0
22.28645,76.03733,70.7,80.1,5.61,5.0,0,0,0
21.11992,76.98672,40.3,75.8,5.02,4.91,1,0,0
23.07797,78.90585,46.3,55.1,0.52,3.38,4,0,1
20.74817,79.96724,30.1,73.7,4.63,3.13,2,0,0
21.29472,76.39671,27.3,52.3,0.64,19.74,2,0,0
21.70175,77.60598,27.2,66.2,0.41,0.72,4,0,0
22.03044,79.20028,45.8,85.4,3.75,11.32,1,0,1
20.96964,76.81614,22.7,82.0,2.58,1.9,2,0,1
20.45935,78.22034,2.0,70.2,4.44,4.22,2,0,0
22.44248,78.93229,36.8,55.4,0.47,0.64,3,1,1
21.15452,78.46394,15.8,79.7,2.82,3.15,0,1,0
22.32495,76.7521,54.4,70.3,0.96,14.63,1,0,1
20.61745,77.42154,30.0,35.2,21.75,21.63,1,0,0
21.92456,79.13517,69.8,81.7,4.12,2.5,2,0,0
22.13036,78.21691,17.3,69.6,5.81,6.23,0,0,0
20.20729,76.02092,8.2,88.0,1.97,6.35,2,0,0
21.34642,79.04396,46.4,53.6,0.5,20.68,2,0,1
20.53766,76.14125,35.6,22.3,18.62,14.39,1,1,0
20.2535,78.98294,14.4,74.2,1.69,7.2,2,0,0
23.95984,76.80992,86.5,74.4,2.76,11.11,2,1,1
21.28942,79.83229,20.4,44.6,5.25,18.8,1,0,0
23.2395,77.47176,26.2,55.3,0.13,0.1,2,0,0
21.01856,77.30773,98.1,100.0,8.31,5.16,1,0,0
22.72601,76.59555,72.7,65.4,3.85,23.78,2,0,0
23.04091,77.22242,18.3,81.0,1.63,13.48,0,0,0
22.38255,79.5066,38.3,60.2,0.32,7.83,0,0,1
21.8863,79.98534,16.5,38.6,0.89,7.54,0,0,0
21.64736,77.47324,93.2,67.4,11.27,4.27,0,0,0
21.39547,77.79444,93.2,66.0,5.79,7.35,1,0,0
23.71812,78.88828,159.6,64.0,1.44,10.65,3,1,1
23.32248,79.54478,200.7,68.3,0.34,5.42,1,0,1
23.86011,78.37218,29.7,74.0,5.87,12.52,2,0,0
20.49719,77.5661,83.0,67.7,4.25,19.75,0,0,0
22.92347,77.65049,6.8,51.0,2.59,1.68,1,1,0
23.75336,78.78247,57.5,77.3,2.26,6.01,2,0,0
20.72493,76.01287,68.4,40.8,1.22,5.24,0,0,0
20.26599,78.47836,21.4,39.2,5.54,11.63,2,0,0
22.96448,77.42197,28.1,81.1,17.65,2.88,2,0,0
22.29789,79.17679,93.6,77.6,0.97,10.22,0,0,0
23.36732,76.37196,69.6,69.1,4.55,21.0,1,1,0
20.55909,78.35281,146.4,49.1,2.76,5.42,2,1,1
23.18107,77.92389,135.2,59.4,2.96,24.19,3,0,0
20.80651,78.5693,9.4,66.1,1.47,49.86,2,0,1
20.65462,76.25941,32.3,46.1,8.72,1.12,1,0,0
20.65706,78.31994,19.4,58.9,3.32,2.65,0,0,0
23.2583,78.24594,85.4,79.8,3.92,30.03,0,1,1
22.66079,78.24264,61.8,91.4,1.82,31.78,2,0,0
22.09226,78.41395,20.7,63.7,1.0,1.03,1,0,1
21.43532,78.70587,23.9,81.3,0.45,0.15,1,0,0
23.5088,79.21996,115.7,41.3,6.26,1.76,1,1,0
21.56978,77.07928,35.5,79.9,1.09,50.0,1,0,1
23.2664,79.3002,5.4,57.9,5.86,1.98,1,0,0
21.75654,77.99302,18.9,74.6,2.47,6.98,0,0,0
21.50778,76.30823,166.6,66.3,2.69,18.87,3,0,0
21.85072,76.2342,100.0,89.8,3.17,0.21,2,1,0
21.20551,77.33695,15.4,56.9,2.29,9.28,2,0,0
22.99044,79.13959,57.5,79.4,0.53,3.24,1,0,0
22.01088,78.83072,95.8,65.8,1.85,19.83,0,0,0
20.92885,79.15446,9.2,67.6,5.45,3.33,2,1,0
23.5983,78.06908,103.2,67.2,5.48,11.61,2,0,0
21.53556,77.7608,69.1,57.3,1.69,11.22,2,0,0
22.17421,76.58981,26.6,69.8,3.08,2.5,3,0,0
23.62589,77.31277,77.2,69.1,1.07,0.35,3,0,0
22.49695,77.73608,62.5,73.6,1.18,5.26,1,1,0
20.46759,76.3544,65.6,71.3,0.12,3.41,0,1,0
23.75933,76.88245,56.0,82.0,11.35,16.55,0,0,0
22.51083,78.3929,23.1,83.9,1.18,16.11,4,0,0
21.33962,78.94265,27.2,54.2,1.29,6.11,2,1,0
20.55709,79.99339,41.3,83.0,1.64,9.33,2,0,0
23.1761,79.73245,51.8,52.2,0.68,9.27,2,0,0
22.48029,78.57026,80.5,78.8,5.1,17.55,1,0,1
22.13384,77.68499,169.2,79.3,0.39,5.53,0,0,0
23.57557,78.54471,59.5,41.3,0.72,3.22,4,0,1
23.15439,79.14261,79.5,71.4,5.17,3.08,3,1,0
20.6067,76.47334,92.5,63.0,2.08,7.68,4,1,1
21.24689,77.63962,83.5,58.6,6.15,5.96,2,0,0
20.99396,79.35921,22.2,90.3,4.08,5.8,2,0,0
22.97579,77.53533,123.0,60.2,1.48,0.96,1,0,0
20.13413,78.28749,110.4,57.9,5.26,12.68,2,0,0
22.27956,78.35108,55.4,71.1,0.62,2.4,1,0,0
23.04983,76.73791,23.5,80.3,3.84,2.19,4,0,0
23.50706,77.44894,51.2,67.9,2.87,5.32,2,1,1
21.36833,77.33805,10.6,87.5,1.56,2.58,4,1,0
23.28503,76.10479,133.8,78.0,4.63,8.77,1,0,0
20.44253,76.09677,29.4,37.3,10.25,4.64,1,0,0
23.38581,79.32679,39.7,62.1,30.0,5.96,0,0,0
20.50995,77.09228,127.5,61.6,4.68,7.7,0,1,0
21.58915,78.07232,117.6,77.2,2.59,2.28,0,0,0
23.18918,77.1949,64.3,30.6,1.28,1.69,3,0,0
20.59967,79.76272,147.1,100.0,1.49,21.24,2,0,1
20.91701,77.03719,21.6,78.0,3.26,5.69,2,1,0
22.88901,77.71863,64.3,72.2,2.29,5.31,2,1,1
22.88015,79.49092,21.8,87.7,12.26,0.36,0,0,0
22.56459,79.36773,105.9,100.0,2.3,6.89,0,1,1
22.77579,76.74441,103.4,83.1,2.34,8.08,1,0,0
22.1709,79.21057,153.9,84.2,2.42,8.18,1,0,0
21.0072,77.83275,50.0,72.0,9.06,12.28,2,1,0
21.38278,77.93188,182.1,67.9,5.26,1.95,1,1,0
20.72639,76.53392,20.1,62.9,4.76,2.91,1,0,0
23.6338,76.32241,47.9,57.6,2.03,16.65,0,0,0
22.33357,78.91176,20.8,59.7,8.52,29.41,3,1,0
21.60341,77.98584,58.0,49.7,0.2,1.46,2,1,0
21.84802,77.7474,22.5,68.9,10.23,6.88,3,1,0
23.78913,78.91803,106.1,44.7,3.59,2.41,2,0,0
20.61341,79.06205,70.8,72.9,2.54,0.62,1,1,0
22.34492,76.63563,18.5,69.5,3.44,3.94,1,1,1
22.02355,78.4409,89.8,72.2,5.5,1.55,3,0,0
22.44582,76.54142,140.3,62.2,0.06,12.38,3,1,1
20.07244,79.0055,75.7,100.0,10.26,7.63,0,0,0
23.4885,78.62782,13.6,90.4,2.96,1.55,2,0,0
23.72847,79.82646,44.4,51.3,2.1,0.1,2,0,0
22.26053,76.27583,82.6,73.5,0.74,16.51,0,0,1
22.7866,76.22822,41.2,60.9,2.89,1.94,2,0,0
23.69,77.12875,19.9,54.8,3.43,9.32,3,1,0
22.82895,77.04682,114.4,49.9,2.58,4.11,1,0,0
20.61016,76.98792,39.8,76.5,5.68,8.81,2,0,0
22.30515,79.62502,140.4,59.8,2.73,3.79,3,1,0
22.42686,76.99818,32.5,84.5,16.27,0.91,2,0,0
21.69652,77.0878,37.9,84.9,4.57,2.52,1,0,0
22.94578,79.03759,30.3,90.6,8.24,2.08,1,0,0
23.73747,77.79896,43.9,57.2,0.58,5.59,2,0,0
23.70227,79.10684,69.9,77.1,2.53,10.74,3,0,0
21.80336,76.26146,20.8,79.5,2.05,3.06,1,1,1
20.45295,77.95028,17.3,62.9,4.21,0.12,2,0,0
23.93936,76.13445,9.0,58.4,9.87,7.32,2,1,0
23.35559,76.25061,7.7,94.1,0.41,9.31,2,0,1
20.49865,79.62575,13.7,73.4,0.38,32.93,3,0,1
23.68337,76.55698,32.3,79.5,9.5,8.9,2,0,1
23.47959,78.12968,57.2,57.7,1.2,6.37,2,1,1
22.07535,77.64438,67.2,51.7,5.52,8.52,1,0,0
22.3651,77.38937,55.2,61.5,3.91,26.3,0,0,0
21.59601,79.59933,129.9,68.1,8.95,17.62,0,0,0
20.21905,76.08729,157.7,54.0,0.67,3.9,1,0,0
21.34079,78.65516,39.9,69.9,0.7,2.71,5,0,1
23.21141,79.85358,21.2,44.7,4.07,3.05,3,0,0
20.01853,78.24067,189.5,53.2,14.63,7.02,4,0,0
21.334,79.74729,111.7,80.1,2.68,13.63,1,1,1
21.59267,76.20903,106.2,79.1,1.98,7.0,1,0,0
22.14958,77.67517,31.2,64.1,4.67,0.7,2,0,0
23.67942,77.04063,91.3,54.7,13.33,12.86,0,0,0
21.38538,78.92328,55.6,54.6,9.07,16.4,1,0,0
21.38781,79.92519,47.2,64.4,27.0,3.42,1,1,0
22.95,77.02612,47.1,79.7,0.11,10.91,1,0,1
21.80887,78.6167,72.2,83.9,0.6,5.56,1,0,1
20.89842,76.79239,132.7,62.6,4.7,21.99,2,1,1
21.80976,78.26132,199.7,52.7,8.59,18.66,3,0,0
20.56343,77.85573,35.9,74.0,1.68,7.45,0,0,1
20.70555,79.88802,58.0,57.6,1.37,11.76,1,0,0
21.99347,78.43411,46.3,62.2,7.73,21.49,2,1,0
21.6757,77.39803,68.9,89.9,0.29,6.85,1,1,1
23.65938,76.45638,41.9,82.4,2.31,3.76,2,1,1
21.44958,76.60499,28.2,72.4,3.52,14.01,1,0,0
22.32235,76.90127,36.0,50.9,4.11,2.49,3,1,0
22.52906,77.00387,31.6,73.2,6.52,4.92,3,0,0
20.05238,79.40246,44.5,85.9,2.19,20.08,2,0,1
22.65415,78.24489,14.8,64.4,4.74,12.89,0,1,0
20.71214,78.09356,32.1,90.3,4.4,5.17,1,0,1
23.84428,76.45908,68.4,89.4,3.97,2.42,3,0,0
20.59465,79.44056,68.0,95.0,5.11,4.4,1,0,0
21.6585,78.89126,60.4,74.6,1.5,3.34,1,0,0
20.3414,76.27067,125.1,78.8,0.44,1.94,1,1,0
23.9875,78.83134,70.3,91.2,0.64,13.6,2,0,1
22.00878,78.17415,122.4,76.7,1.27,2.9,2,0,0
22.38154,76.3269,199.8,62.5,3.47,6.05,3,0,1
20.26831,77.8332,92.9,63.3,9.18,4.88,1,1,0
22.99984,77.93879,14.9,73.6,6.04,40.22,2,1,0
20.83962,76.6631,62.2,50.6,7.78,4.96,1,0,1
23.59222,79.78279,55.7,67.9,2.16,0.83,2,1,0
20.82056,79.3999,140.2,86.4,2.59,0.94,2,1,0
20.76275,78.67609,45.8,37.1,2.5,8.93,2,0,0
20.1462,77.84918,24.9,93.0,1.07,9.15,0,0,0
21.88827,77.64706,33.7,86.8,0.32,5.43,1,0,1
22.25936,78.60389,15.4,63.1,4.47,5.65,0,1,0
20.26283,78.18173,179.1,78.2,22.65,0.55,1,0,0
23.10211,76.24909,50.7,70.0,0.91,7.27,3,0,1
21.81316,78.05001,17.0,88.4,0.24,7.03,2,0,0
22.09756,79.22561,148.6,84.7,7.56,1.62,1,1,0
21.76305,77.83696,165.4,49.0,1.46,1.1,2,0,0
21.60305,76.20783,57.1,78.8,8.85,1.32,2,1,0
22.23856,79.14511,14.0,66.9,6.09,1.07,2,1,0
20.62096,76.80546,34.4,71.2,14.56,9.41,0,0,0
20.72771,77.03448,42.0,59.1,2.63,2.19,1,0,0
23.44714,76.65883,52.1,96.2,5.42,2.9,1,0,0
23.78446,77.32086,19.1,85.6,3.13,1.91,1,1,0
21.49324,79.02701,98.2,58.9,4.98,31.66,1,0,0
21.08298,78.07754,4.8,50.0,2.99,19.28,0,0,0
22.576,76.81953,109.3,64.2,1.05,2.62,0,0,0
21.63494,79.51132,125.2,76.5,3.55,3.97,1,0,0
20.10155,79.51833,37.3,73.6,3.76,2.36,1,1,0
20.62461,79.48231,47.6,88.8,8.32,6.77,0,0,0
22.86389,76.95518,135.8,81.8,6.65,0.2,3,1,0
22.6357,77.80496,80.4,84.5,5.45,11.13,2,0,0
20.10838,79.93996,38.4,74.9,0.6,7.41,2,0,0
20.88789,79.08805,42.2,49.2,6.38,22.89,1,1,0
20.9243,76.10867,72.5,67.1,3.47,1.8,0,0,0
22.68757,76.26082,168.6,85.9,11.23,16.3,2,1,1
20.07884,77.85573,43.2,69.2,12.62,15.7,0,0,0
20.41643,79.63688,37.4,77.5,0.28,1.36,1,0,0
23.19966,78.15481,51.8,65.2,8.59,5.08,1,0,0
20.71418,77.99125,52.0,54.6,0.19,1.87,2,1,1
22.61098,76.42189,63.6,68.1,2.29,2.94,1,1,0
20.95273,78.62712,47.7,74.6,3.91,3.06,0,0,0
20.39777,79.28841,113.8,60.2,0.8,8.12,2,0,1
20.97269,77.52168,23.1,66.5,6.86,5.3,0,0,0
22.88907,79.10245,68.8,55.9,0.05,29.51,2,0,0
23.42279,79.85791,70.8,86.8,0.92,1.35,2,1,0
23.32088,76.81507,25.1,65.6,4.35,36.38,0,0,0
21.58873,78.09332,68.3,91.8,6.27,2.62,2,1,0
22.67234,77.14855,72.1,92.9,12.42,14.82,1,0,0
20.81994,79.17142,2.3,68.8,6.11,4.14,1,1,0
21.17259,78.31037,21.2,54.9,5.57,1.54,0,0,0
23.58534,78.53833,143.4,38.7,2.51,19.51,4,0,0
20.05201,79.19166,30.7,47.9,0.05,3.69,2,1,1
20.34203,77.58388,16.9,49.4,0.64,10.75,3,0,0
20.83155,79.66036,7.3,90.7,3.82,8.36,2,1,1
20.10613,78.13212,19.3,71.7,5.62,6.38,3,1,0
20.72574,76.63182,46.1,75.8,2.7,6.85,2,0,0
22.33217,78.7836,15.7,36.7,6.56,13.18,0,0,0
21.6857,79.17305,81.2,52.0,3.69,0.92,2,0,0
23.57069,77.26705,24.7,83.3,0.39,11.03,1,0,0
23.26977,79.42872,63.9,74.3,1.07,22.62,1,0,0
21.36727,79.62457,129.9,67.8,9.16,0.6,3,0,0
21.03769,77.10762,124.5,78.5,6.45,1.52,0,0,0
21.51877,79.93409,63.1,94.5,11.26,12.61,3,0,0
22.36118,76.56285,18.1,66.7,0.63,5.75,2,0,1
21.07225,76.80806,48.6,71.0,23.14,5.17,1,0,0
22.4966,76.7369,64.7,72.9,1.17,1.47,2,0,0
21.63765,79.57596,224.0,100.0,0.06,7.07,2,0,1
22.20819,78.61717,7.2,38.5,29.81,1.35,2,0,0
21.74451,76.60842,48.8,80.2,1.65,6.47,0,0,0
21.17786,77.76129,79.1,68.3,5.51,14.42,1,0,0
23.79381,78.46119,54.9,78.5,0.97,2.99,0,0,0
23.05442,76.33386,59.6,60.1,4.34,6.55,1,1,1
20.56045,79.52967,26.0,69.3,11.72,48.3,3,0,0
23.47387,79.21441,97.1,80.7,1.93,11.6,1,0,1
21.94972,78.02083,52.0,100.0,5.55,18.41,3,1,1
23.57821,79.86851,59.4,82.1,1.04,5.36,0,1,1
23.19942,77.67104,104.2,57.3,4.9,14.6,1,0,0
21.70085,79.93644,39.3,63.6,2.05,0.41,1,0,0
20.08988,78.67168,120.0,63.2,1.19,1.31,4,0,0
21.07471,78.53869,15.2,43.1,1.88,2.27,4,0,0
22.16654,76.66382,62.0,65.0,0.99,5.14,1,1,0
22.53391,79.52771,24.6,81.0,11.61,18.69,1,0,0
21.03155,77.70996,19.0,50.9,2.53,4.25,3,1,0
20.55742,76.64893,167.3,85.7,1.41,10.63,1,0,0
23.33972,76.05043,16.0,77.3,2.97,12.36,1,1,0
23.93761,78.23902,52.8,59.0,1.93,8.82,2,0,0
22.10276,78.1096,14.8,67.9,6.82,4.42,1,0,0
20.68672,78.87741,115.0,94.0,17.74,8.61,2,0,0
21.08923,79.56103,36.2,81.0,2.88,4.19,0,0,1
20.07356,76.31763,103.8,70.1,9.87,0.88,1,0,0
23.6572,78.92599,77.2,66.4,4.17,49.34,1,1,1
20.471,76.74965,202.8,71.1,0.86,1.36,0,0,0
22.30607,79.43271,11.8,62.3,5.87,0.75,1,1,0
21.09622,79.27625,21.0,38.4,3.6,21.08,1,0,0
22.21671,78.16318,100.0,100.0,5.26,3.59,0,0,0
22.60568,78.84097,64.2,72.3,11.02,10.51,3,1,0
23.31897,77.2574,41.7,76.0,2.9,3.99,2,0,0
20.82569,77.88467,178.8,69.1,11.57,4.97,2,0,1
20.04398,79.28655,50.0,59.0,6.94,3.04,2,0,0
20.54754,77.83706,25.5,67.2,3.35,4.2,1,0,0
23.60007,77.43119,104.7,46.0,4.62,5.29,2,1,0
23.49556,77.97685,51.3,100.0,1.97,12.74,2,0,1
22.38965,79.313,54.4,51.5,20.55,7.16,3,0,0
22.40207,77.34083,81.9,54.5,5.5,28.75,1,1,0
22.66015,76.69505,84.2,63.4,0.22,0.43,3,0,0
20.70149,78.84806,20.7,89.3,1.98,6.99,1,0,0
23.65765,79.30391,39.8,70.2,4.88,8.78,2,1,0
21.67508,76.40255,13.4,51.5,0.29,25.28,1,0,0
21.53255,76.9595,64.9,88.8,0.12,0.5,0,1,1
22.07567,76.56789,165.4,81.0,2.99,8.52,2,0,0
20.18786,77.39177,21.5,78.1,2.02,19.22,2,1,1
20.66513,77.8014,10.9,80.7,2.88,2.77,0,1,0
22.95213,78.99531,29.3,100.0,1.52,20.9,3,0,1
20.33119,78.60459,41.4,100.0,0.9,0.19,0,0,0
22.41261,78.48371,84.7,59.7,5.84,13.18,0,0,0
20.9814,77.4095,38.0,94.4,3.61,27.05,2,1,1
21.55718,79.36579,65.7,75.7,1.12,10.71,4,0,0
21.15477,77.88515,33.1,77.5,1.93,5.78,1,0,1
21.42269,79.91642,43.3,44.6,4.48,0.46,3,0,0
22.87618,78.53657,24.7,67.4,0.37,25.27,3,1,1
21.18849,76.50506,18.1,57.8,0.8,6.35,2,0,0
22.26562,78.70471,86.9,82.4,0.38,0.29,1,0,0
21.9042,77.30042,35.1,86.1,8.37,11.71,3,0,0
22.65468,78.74531,69.3,38.9,6.98,6.57,4,0,0
23.74732,76.27856,24.4,69.7,7.0,1.33,2,0,0
22.93029,76.69953,50.3,86.8,6.3,2.41,2,0,0
20.85976,79.42295,4.9,67.2,5.53,0.67,3,1,0
20.12473,76.90872,37.3,80.9,3.24,8.54,0,1,1
21.04906,79.34816,26.8,75.3,5.14,9.73,1,0,0
22.38031,77.1171,111.9,75.1,0.2,7.05,1,0,1
20.2057,78.57153,15.4,65.9,4.86,16.99,1,0,0
21.98546,78.7766,44.7,51.8,7.52,19.73,2,0,0
22.38737,78.05062,64.3,53.2,3.47,9.56,4,0,1
21.33698,77.22124,101.4,80.6,2.21,0.13,2,0,0
23.08365,76.85058,92.0,70.3,1.62,11.88,2,0,1
20.42639,76.13276,47.5,67.9,5.15,5.41,0,1,0
20.30055,77.21579,52.9,63.6,5.9,8.34,4,1,1
22.91276,78.61265,111.8,65.4,10.24,10.47,2,0,0
21.98197,79.75322,46.8,85.7,2.1,4.31,1,0,1
22.75361,79.48482,57.2,65.0,7.34,24.9,0,1,0
21.73931,79.06426,114.3,49.9,4.12,1.44,2,1,0
20.98561,79.15379,221.2,81.2,10.72,11.13,4,0,1
23.27641,78.65994,61.0,66.9,3.75,0.1,0,0,0
23.19766,77.04115,73.6,70.5,3.65,25.86,0,0,0
22.77879,79.62878,90.1,94.1,4.31,1.19,2,0,0
21.08858,78.68293,113.6,69.7,6.92,1.0,0,0,0
22.36092,78.24176,103.1,74.3,16.72,4.05,1,0,0
21.4439,76.44396,31.0,52.3,0.38,4.68,2,0,0
20.36633,77.78822,64.0,66.7,0.27,2.41,1,0,1
23.66925,77.84143,103.6,79.1,13.87,8.8,1,0,0
20.54727,79.45825,130.0,46.7,3.77,5.85,0,1,0
23.80095,78.18659,44.8,73.0,4.77,0.35,0,0,0
21.78402,77.5216,62.9,71.5,3.29,3.85,0,0,0
20.74053,79.9072,68.3,70.6,0.49,16.63,0,0,0
22.1676,76.44288,51.5,85.6,7.31,11.7,2,0,0
23.49178,77.69019,61.7,75.0,6.88,12.91,5,0,0
22.9289,76.1681,310.1,92.2,1.87,11.98,2,0,1
23.22624,78.95962,43.3,55.1,1.83,3.72,1,0,0
22.63513,79.67231,46.0,72.0,9.1,1.05,4,0,0
22.76911,77.12015,9.6,71.3,0.38,3.18,0,0,1
23.39678,79.43337,7.8,54.0,10.65,17.83,1,1,0
20.99867,77.16887,71.8,84.3,1.48,39.36,0,0,1
21.9577,79.64308,103.9,100.0,4.49,6.81,2,0,1
20.88484,79.01585,91.1,69.7,13.74,0.1,0,0,0
23.95067,79.21963,24.3,77.6,5.67,1.51,0,0,0
23.77624,76.07203,87.4,71.3,2.68,3.89,4,0,1
20.15771,79.85124,45.4,59.3,5.85,8.64,3,0,0
22.8223,78.90668,37.0,42.7,2.11,0.78,2,1,0
23.70099,77.219,13.9,59.4,1.62,28.71,3,1,1
20.7223,79.31758,27.1,49.1,28.54,4.54,1,0,0
22.27178,77.12608,73.0,95.6,6.95,24.37,1,1,1
23.66195,79.49102,63.5,68.3,5.17,15.17,0,0,0
20.13578,76.45032,56.8,64.8,2.19,14.08,0,1,1
22.78968,78.81474,4.2,83.3,0.25,9.33,1,0,0
21.1894,78.16279,57.2,53.2,0.16,9.86,1,0,1
23.69758,76.38614,30.6,58.5,4.04,10.16,0,0,0
23.88423,76.96758,63.9,71.0,7.18,9.91,1,0,1
23.77707,76.04962,115.9,85.4,3.85,8.07,2,1,1
21.89686,77.87507,34.6,77.5,9.19,42.99,0,1,0
23.44817,77.20506,54.1,73.7,0.17,13.18,2,0,0
23.3782,78.39343,178.1,71.2,2.28,15.0,1,1,1
21.2764,77.18895,61.5,76.0,1.35,20.59,2,1,1
23.31566,77.19968,49.1,73.0,2.96,2.43,1,0,0
20.14803,78.97277,24.7,54.6,0.38,0.88,2,0,0
22.38508,76.19257,89.1,70.7,15.41,6.6,0,0,0
20.92004,79.61158,20.9,53.9,1.26,7.22,1,0,0
20.48227,79.40906,119.4,71.2,12.78,17.67,1,0,0
20.30781,78.67122,80.4,62.8,2.77,5.87,4,0,1
22.78516,78.37289,31.5,100.0,21.18,8.46,1,0,0
21.3595,79.56921,25.4,69.4,4.04,7.49,2,0,0
22.89907,76.74132,26.0,48.9,13.36,0.39,1,1,0
20.26143,76.31588,8.0,68.0,0.05,9.55,1,0,0
21.26116,76.95804,70.6,77.8,6.9,17.61,1,0,0
22.15797,79.17831,5.0,95.1,11.67,1.71,3,0,0
23.16289,76.13868,46.7,61.2,0.75,9.02,1,0,1
21.27501,78.33123,44.4,46.3,0.51,9.0,1,0,0
22.50357,79.98175,38.4,82.3,2.76,1.79,0,0,0
23.54391,79.42278,70.2,49.3,13.57,1.32,1,0,0
22.46345,78.08578,31.6,63.5,3.91,39.15,1,0,0
20.93184,76.25456,57.3,66.1,3.75,5.0,2,0,0
20.0976,79.32549,119.4,69.0,0.76,2.58,2,0,0
23.4804,78.39591,76.3,80.3,0.05,1.88,1,0,1
20.08508,76.45973,35.7,59.7,8.31,11.01,3,0,0
23.49881,76.37543,50.3,65.9,0.46,9.4,0,0,1
22.11575,79.63851,38.4,69.8,5.02,10.32,0,0,0
23.75627,78.6768,43.9,72.2,12.3,0.92,1,1,0
23.19513,79.31715,58.7,71.5,1.17,22.4,3,0,1
23.99174,79.51592,13.2,76.5,5.47,4.93,1,1,0
21.40285,78.28709,10.1,82.7,0.41,3.76,4,1,1
23.06875,78.06979,22.8,75.9,4.63,6.21,0,0,0
21.60772,77.72171,72.6,76.8,0.9,4.94,1,0,0
21.9195,77.26779,79.9,46.3,6.66,19.92,2,0,0
22.51002,77.73838,88.4,70.8,1.79,26.49,0,0,0
23.49471,79.09552,23.6,77.2,3.11,3.62,0,0,0
23.93633,78.40769,53.9,80.9,4.57,19.95,0,0,0
23.07309,79.57009,36.6,59.6,0.94,15.21,0,0,1
21.67107,77.77352,45.4,60.1,6.77,26.71,0,0,0
21.68543,78.42836,36.1,61.4,1.8,2.82,1,1,0
22.95033,78.52523,61.2,78.0,5.43,8.6,2,0,0
20.95511,78.36679,28.3,85.5,0.86,3.21,3,1,1
20.4419,78.81054,110.5,63.9,5.83,17.38,3,1,0
21.41849,76.94973,111.2,83.6,0.69,0.1,3,1,1
21.14896,78.04946,71.0,71.9,2.77,8.32,2,1,0
21.18523,76.4169,101.8,68.1,1.42,4.14,1,0,0
20.93443,77.53805,12.7,66.8,6.9,3.9,2,0,0
20.16837,77.95067,114.9,81.2,1.52,10.35,1,0,1
20.0715,78.6089,66.2,74.9,10.67,19.07,1,0,0
23.95089,79.80212,29.8,100.0,11.12,9.4,1,1,0
21.71109,78.4026,27.2,57.2,1.09,19.19,2,1,0
21.53731,78.97438,141.8,77.8,4.76,3.07,1,0,0
22.71859,78.02506,89.4,62.1,0.46,7.33,0,0,0
20.87302,78.53642,44.4,57.0,2.48,5.99,0,0,0
23.79984,76.28373,12.5,69.8,6.25,0.12,2,0,0
23.14538,77.01757,118.9,72.1,5.39,8.14,0,0,0
20.35764,77.44741,18.2,100.0,4.9,10.83,1,0,0
21.67032,77.88997,37.1,67.2,1.66,8.96,1,1,1
23.51647,76.18259,44.4,53.0,2.37,13.33,2,0,1
23.77893,76.5601,26.9,74.1,0.54,8.47,3,1,1
21.86961,77.10726,42.8,38.9,6.35,0.69,1,0,0
22.45365,79.88613,49.7,68.6,3.5,1.24,1,1,0
20.66814,77.32539,42.1,70.2,6.17,9.08,0,0,0
23.96467,77.92816,63.4,81.9,1.43,3.22,4,1,0
20.92669,76.78439,145.3,84.6,1.96,0.83,0,0,0
23.77093,78.44312,13.2,62.4,2.03,5.61,2,0,0
22.59859,77.12273,56.4,67.7,0.13,8.08,0,0,0
22.43095,76.82797,18.4,58.5,2.09,3.99,0,1,0
22.05075,78.06629,11.8,53.1,8.13,12.75,4,0,0
20.92268,76.02202,96.6,74.6,11.38,10.32,4,0,0
20.70611,76.03066,60.0,50.9,3.65,4.05,4,0,0
20.88194,76.87628,11.0,63.8,3.04,14.06,1,0,0
20.74575,76.14689,42.8,55.1,0.16,10.46,3,1,1
23.11834,76.4321,22.8,78.2,10.57,10.15,3,0,0
21.4005,77.35544,44.0,97.0,0.07,8.06,0,0,1
20.23137,79.21034,81.9,50.5,14.48,0.11,0,1,0
23.87641,78.28819,76.1,42.2,3.36,11.92,3,1,1
23.53514,78.05067,36.3,68.1,2.09,4.72,1,1,0
23.71101,77.17396,99.7,70.2,12.9,28.58,4,0,0
23.97963,79.72701,125.7,73.3,0.12,17.04,2,0,1
20.69558,77.58806,82.9,63.3,4.35,8.86,0,0,0
21.58497,76.34837,31.4,67.0,3.98,2.91,0,1,0
23.03295,78.46827,45.1,75.5,1.24,2.28,1,0,0
22.78408,76.45535,142.2,85.6,2.8,4.16,1,0,0
20.61558,77.38089,38.5,40.7,5.28,6.47,1,0,0
23.26333,78.02965,76.3,64.5,6.49,3.51,1,0,0
20.89776,79.49689,26.5,73.2,0.05,7.23,0,1,1
20.89527,77.97419,100.2,56.2,13.81,1.81,1,0,0
22.1479,78.80904,23.9,96.0,0.9,38.04,1,0,1
22.37176,79.97127,46.7,60.5,1.33,1.14,2,1,0
22.32034,76.52596,74.4,69.4,1.53,26.87,0,0,0
20.36595,77.09893,161.8,78.3,0.19,24.49,3,0,1
23.50984,77.5783,59.2,61.1,0.66,7.45,3,1,1
21.0624,77.68731,40.5,42.3,21.47,12.91,0,1,0
20.51806,77.64408,38.1,63.6,1.89,5.73,2,0,1
23.55499,79.63044,97.2,85.4,0.61,9.94,5,0,1
23.82261,78.85613,70.1,64.9,0.57,4.16,2,0,0
23.44851,78.43162,80.8,57.3,6.36,3.58,0,1,0
23.23806,77.23749,135.6,83.9,9.64,8.63,3,1,1
22.62097,79.29516,52.4,65.0,1.48,6.89,0,0,1
22.20343,79.82024,66.6,62.3,0.11,8.66,1,0,0
20.34795,79.28479,37.7,72.2,1.26,3.38,2,0,0
21.63381,76.00626,25.7,81.6,0.29,4.57,0,0,1
21.49075,78.54561,30.3,100.0,0.55,0.88,1,0,0
21.03902,76.20454,2.8,82.4,2.82,0.54,2,1,0
22.89368,77.03043,73.8,87.4,1.31,2.92,1,0,0
21.9835,76.2381,68.5,62.4,3.63,0.77,0,0,0
20.32418,78.41518,72.7,54.6,1.46,1.1,1,0,0
20.88073,78.74636,24.1,70.9,14.11,16.76,3,0,0
22.73304,76.45795,30.7,71.6,11.82,0.4,3,0,0
20.30452,77.53536,29.9,53.8,4.18,10.76,0,0,0
23.40483,77.82495,106.9,67.4,2.19,3.18,5,0,1
21.98059,77.47621,57.6,76.0,2.4,20.52,4,0,0
21.92235,76.4841,51.9,75.4,2.65,6.64,2,0,0
22.36963,77.67579,86.1,77.6,6.5,3.65,0,1,0
23.29872,79.00471,29.9,74.4,3.0,7.29,1,0,0
21.39124,76.28403,65.4,62.4,9.72,4.81,0,0,0
22.71206,76.32072,175.7,62.3,14.42,8.31,1,1,0
22.26293,77.41909,118.5,52.0,2.05,1.22,1,0,0
21.06811,79.7669,64.7,96.8,4.11,50.0,3,1,1
23.51452,78.67429,53.4,70.2,0.5,5.54,1,0,0
23.1897,78.71468,72.3,66.6,1.12,4.28,0,1,1
22.63381,77.44768,129.6,56.1,2.67,12.39,1,1,0
23.40233,78.37464,123.5,100.0,1.15,4.52,2,1,1
23.46918,76.04052,144.3,53.9,10.46,17.91,0,0,0
22.83345,78.54438,60.0,63.6,0.86,6.06,2,0,0
23.34805,79.65315,4.9,76.2,3.04,12.71,0,0,1
22.78989,78.45029,167.6,79.0,4.65,1.14,1,0,0
22.72056,79.49479,25.6,84.4,5.89,18.72,1,1,0
22.47445,78.89589,85.1,97.1,2.41,13.31,3,0,1
23.01087,76.48223,5.1,77.6,10.17,2.38,1,0,0
20.63442,79.60981,51.1,54.2,4.2,1.57,1,0,0
23.52348,76.26578,38.6,66.1,2.89,3.8,2,0,0
23.48737,78.13587,144.5,74.6,0.35,37.33,4,1,1
20.11699,76.56855,65.3,100.0,3.12,2.97,2,1,1
23.30327,76.04683,50.7,49.0,8.59,6.09,1,0,0
20.51548,77.68814,70.6,88.0,4.77,0.3,1,0,0
21.34048,77.18016,2.0,72.7,8.92,5.06,0,0,0
22.97403,77.944,29.4,82.6,3.41,8.47,2,0,0
20.64304,78.3088,33.4,68.5,0.63,30.6,2,1,1
23.27187,76.17496,78.8,57.4,0.07,7.27,2,1,1
23.32854,76.49201,20.7,81.3,1.81,17.1,1,0,0
22.02987,78.23457,58.1,79.8,5.99,7.92,2,0,0
20.02554,77.37267,47.0,84.6,7.81,0.42,2,0,0
21.14815,78.91669,30.8,69.8,1.75,3.78,2,0,0
22.46771,78.60917,32.5,61.0,3.42,8.57,1,0,0
23.92474,79.38242,46.7,46.6,2.73,30.08,3,0,0
22.52725,78.76997,7.1,82.3,2.64,19.6,3,0,1
21.03921,77.71972,86.9,76.4,1.32,2.59,1,0,1
22.53602,78.69187,25.4,55.5,0.73,2.49,3,0,0
22.15994,77.10152,40.6,61.9,1.1,2.25,2,1,0
23.11938,77.22525,141.0,63.0,0.28,25.57,4,1,1
20.42792,79.15594,87.9,47.8,1.1,19.15,2,0,1
23.04411,77.78568,17.4,57.7,0.05,14.91,3,0,1
22.16507,79.19352,2.0,53.0,4.93,4.99,1,0,0
23.85197,79.28969,72.8,63.8,1.9,7.02,3,0,0
21.36749,79.43025,41.9,58.9,18.09,6.24,1,0,0
22.53049,79.66654,58.4,45.6,1.08,2.92,3,1,0
23.72811,77.72394,85.9,100.0,2.12,7.03,0,0,0
20.41004,77.27547,95.5,88.8,2.21,0.31,0,0,0
23.74891,78.32879,35.6,58.3,0.05,1.41,1,0,0
22.75154,77.48469,46.1,74.1,9.14,21.77,2,1,0
20.27135,78.4043,66.8,76.3,0.16,13.93,1,1,1
21.20385,78.82234,70.0,87.9,14.08,5.5,0,0,0
22.83269,78.75362,57.9,57.7,11.13,7.28,2,0,0
20.2694,77.49821,130.7,86.4,3.83,4.62,0,0,0
22.32868,76.66744,69.5,61.8,3.92,13.5,3,0,0
21.38353,77.72212,85.0,50.0,5.3,15.33,2,0,0
22.48366,76.57038,61.6,80.9,2.45,14.41,2,0,0
20.18297,79.56039,20.6,89.4,5.21,12.82,1,0,0
23.48615,77.38351,29.3,100.0,0.23,2.29,0,0,1
23.89396,76.61784,16.6,52.0,0.28,4.12,0,0,0
23.87551,76.10179,102.9,80.5,3.06,6.35,1,1,1
22.99861,78.58329,11.0,63.9,3.99,4.02,2,0,0
20.52034,78.54761,44.6,81.8,10.94,14.06,4,0,0
